{
  "gemini-1.5-pro": {
    "usage": {
      "promptTokens": 199151,
      "completionTokens": 25490,
      "totalTokens": 0
    },
    "cost": 0.7527775000000001
  },
  "claude-3-5-sonnet-20240620": {
    "usage": {
      "promptTokens": 135157,
      "completionTokens": 24743,
      "totalTokens": 0
    },
    "cost": 0.7766160000000001
  }
}